name,mse,r2,roc,recall,precission,accurarcy
Lasso,0.09259259259259259,0.6296296296296297,0.9074074074074074,0.8148148148148148,1.0,0.9074074074074074
Enet,0.09259259259259259,0.6296296296296297,0.9074074074074074,0.8148148148148148,1.0,0.9074074074074074
Loger,0.009259259259259259,0.962962962962963,0.9907407407407408,1.0,0.9818181818181818,0.9907407407407407
Nearest Neighbors,0.037037037037037035,0.8518518518518519,0.962962962962963,1.0,0.9310344827586207,0.9629629629629629
Linear SVM,0.0,1.0,1.0,1.0,1.0,1.0
RBF SVM,0.49074074074074076,-0.962962962962963,0.5092592592592593,0.018518518518518517,1.0,0.5092592592592593
Gaussian Process,0.0,1.0,1.0,1.0,1.0,1.0
Decision Tree,0.0,1.0,1.0,1.0,1.0,1.0
Random Forest,0.09259259259259259,0.6296296296296297,0.9074074074074074,0.8518518518518519,0.9583333333333334,0.9074074074074074
Neural Net,0.009259259259259259,0.962962962962963,0.9907407407407408,1.0,0.9818181818181818,0.9907407407407407
AdaBoost,0.0,1.0,1.0,1.0,1.0,1.0
Naive Bayes,0.009259259259259259,0.962962962962963,0.9907407407407408,1.0,0.9818181818181818,0.9907407407407407
QDA,0.009259259259259259,0.962962962962963,0.9907407407407407,0.9814814814814815,1.0,0.9907407407407407
