name,mse,r2,roc,recall,precission,accurarcy
Lasso,0.027777777777777776,0.8888888888888888,0.9722222222222222,0.9444444444444444,1.0,0.9722222222222222
Enet,0.027777777777777776,0.8888888888888888,0.9722222222222222,0.9444444444444444,1.0,0.9722222222222222
Loger,0.0,1.0,1.0,1.0,1.0,1.0
Nearest Neighbors,0.037037037037037035,0.8518518518518519,0.962962962962963,1.0,0.9310344827586207,0.9629629629629629
Linear SVM,0.0,1.0,1.0,1.0,1.0,1.0
RBF SVM,0.39814814814814814,-0.5925925925925926,0.6018518518518519,0.2037037037037037,1.0,0.6018518518518519
Gaussian Process,0.0,1.0,1.0,1.0,1.0,1.0
Decision Tree,0.0,1.0,1.0,1.0,1.0,1.0
Random Forest,0.018518518518518517,0.9259259259259259,0.9814814814814815,0.9814814814814815,0.9814814814814815,0.9814814814814815
Neural Net,0.0,1.0,1.0,1.0,1.0,1.0
AdaBoost,0.0,1.0,1.0,1.0,1.0,1.0
Naive Bayes,0.037037037037037035,0.8518518518518519,0.962962962962963,0.9444444444444444,0.9807692307692307,0.9629629629629629
QDA,0.009259259259259259,0.962962962962963,0.9907407407407407,0.9814814814814815,1.0,0.9907407407407407
